ID,Mstar,rh,C5,Age_Kr,FeH_Kr
NGC104,6.46,7.1,0.92,12.8,-0.76
NGC288,0.46,9.8,0.05,12.2,-1.32
NGC362,2.5,3.5,0.72,10,-1.26
NGC1261,3.41,5.5,0.62,10.24,-1.08
NGC1851,5.51,3.05,1.81,7.64,-1.13
NGC1904,1.45,4.1,0.5,12,-1.58
NGC2298,0.85,3.1,0.16,12.4,-1.98
NGC2808,12.3,3.8,3.24,11.2,-1.18
NGC3201,1.1,7.5,0.15,11.1,-1.51
NGC4590,1.07,7.7,0.14,12.7,-2.27
NGC4833,4.1,7.9,0.52,12.5,-1.71
NGC5024,8.26,11.6,0.71,12.7,-1.86
NGC5053,1.25,22.5,0.056,12.3,-1.98
NGC5272,4.68,11.7,0.4,11.4,-1.34
NGC5286,7.13,4.2,1.69,12.5,-1.41
NGC5466,1.79,18.2,0.098,13.6,-2.2
NGC5897,2.11,12.7,0.17,12.3,-1.73
NGC5904,3.89,6.6,0.59,11.5,-1.33
NGC5927,3.38,4.2,0.81,12.7,-0.64
NGC5986,5.99,5.04,1.19,12.2,-1.35
NGC6093,5.02,3.02,1.66,12.5,-1.47
NGC6101,1,8,0.13,12.5,-1.76
NGC6121,1.17,4.7,0.25,13.1,-1.98
NGC6139,3.8,4.2,0.9,11.6,-1.58
NGC6144,1.69,7.17,0.24,13.8,-1.56
NGC6171,1.17,5.5,0.21,13.4,-1.03
NGC6205,7.75,5.93,1.31,11.7,-1.33
NGC6218,0.74,4.2,0.18,13.4,-1.43
NGC6254,1.53,4.2,0.36,12.4,-1.57
NGC6304,2.17,4.14,0.52,13.6,-0.66
NGC6341,4.89,4.19,1.17,13.2,-2.1
NGC6352,0.37,5.68,0.065,12.7,-0.7
NGC6362,0.81,7.7,0.11,13.6,-0.99
NGC6366,0.3,5.05,0.058,13.3,-0.73
NGC6388,12,2.5,4.8,11.7,-0.45
NGC6397,1.1,3.3,0.33,13.4,-1.99
NGC6441,9.55,3.3,2.92,11.2,-0.44
NGC6496,2,5.7,0.35,12.4,-0.7
NGC6535,0.2,2.86,0.07,10.5,-1.51
NGC6541,5.72,3.93,1.45,12.9,-1.53
NGC6584,3.03,4.87,0.62,11.3,-1.3
NGC6624,2.57,3.2,0.8,12.5,-0.7
NGC6637,2,3.66,0.55,13.1,-0.78
NGC6652,1.09,2.37,0.46,12,-0.97
NGC6656,6.44,5.32,1.21,12.7,-1.49
NGC6681,1.79,3.16,0.57,12.8,-1.35
NGC6715,12.9,10.7,1.2,10.8,-1.25
NGC6717,0.48,2.39,0.2,13.2,-1.09
NGC6723,3.57,6.58,0.54,13.1,-0.96
NGC6752,2.82,3.8,0.75,13.8,-1.55
NGC6779,2.3,5.11,0.45,13.7,-2
NGC6809,0.55,7.6,0.07,13.8,-1.93
NGC6838,0.2,3.3,0.06,12.7,-0.82
NGC6934,2.95,5.32,0.55,11.1,-1.32
NGC6981,1.68,7.82,0.21,10.9,-1.21
NGC7078,5.13,5.1,1,13.6,-2.33
NGC7089,5.75,6.03,0.95,11.8,-1.31
NGC7099,1.45,4.1,0.35,14.6,-2.33
Rup 106,0.68,11,0.06,12,-1.5
Terzan 7,0.39,8.7,0.04,7.4,-0.12
Pal 12,0.28,16,0.024,8.6,-0.81
