ID,FeH_vB,Age_vB,Age_err,Method,Range,HBtype,R_G,M_V,v_e0,log_sigma_0
NGC 104,-0.76,11.75,0.25,V,11.50–11.75,-0.99,7.4,-9.42,54.8,5.061
NGC 288,-1.32,11.5,0.38,H,,0.98,12,-6.75,10.9,2.953
NGC 362,-1.3,10.75,0.25,V,10.75–11.00,-0.87,9.4,-8.43,44.4,4.938
NGC 1261,-1.27,10.75,0.25,V,10.75–11.25,-0.71,18.1,-7.8,23.6,3.913
NGC 1851,-1.18,11,0.25,V,10.75–11.25,-0.32,16.6,-8.33,47.6,5.136
NGC 2808,-1.18,11,0.38,V,11.00–11.25,-0.49,11.1,-9.39,62.4,5.07
NGC 3201,-1.51,11.5,0.38,A,11.25–11.75,0.08,8.8,-7.45,17.9,3.599
NGC 4147,-1.78,12.25,0.25,V,12.25–12.50,0.66,21.4,-6.17,14.2,3.886
NGC 4590,-2.27,12,0.25,V,12,0.17,10.2,-7.37,16.9,3.559
NGC 4833,-1.89,12.5,0.5,A,,0.93,7,-8.17,25,3.885
NGC 5024,-2.06,12.25,0.25,V,12.25–12.50,0.81,18.4,-8.71,25.8,3.866
NGC 5053,-2.3,12.25,0.38,A,12.25–12.50,0.52,17.8,-6.76,7.2,2.196
NGC 5272,-1.5,11.75,0.25,V,,0.08,12,-8.88,32.1,4.254
NGC 5286,-1.7,12.5,0.38,A,11.75–12.25,0.8,8.9,-8.74,42.7,4.628
NGC 5466,-2.31,12.5,0.25,V,12.25–12.50,0.58,16.3,-6.98,8.6,2.453
NGC 5904,-1.33,11.5,0.25,V,11.50–11.75,0.31,6.2,-8.81,37,4.457
NGC 5927,-0.29,10.75,0.38,V,10.50–10.75,-1,4.6,-7.81,25.4,4.156
NGC 5986,-1.63,12.25,0.75,A,,0.97,4.8,-8.44,33.1,4.259
NGC 6101,-1.98,12.25,0.5,H,,0.84,11.2,-6.94,11.8,2.98
NGC 6121,-1.18,11.5,0.38,V,11.25–11.50,-0.06,5.9,-7.19,20.8,4.07
NGC 6144,-1.82,12.75,0.5,H,,1,2.7,-6.85,10.4,2.975
NGC 6171,-1.03,12,0.75,V,,-0.73,3.3,-7.12,18.2,3.832
NGC 6205,-1.58,12,0.38,A,,0.97,8.4,-8.56,31.7,4.219
NGC 6218,-1.33,13,0.5,A,,0.98,4.5,-7.31,21.2,3.961
NGC 6254,-1.57,11.75,0.38,H,,0.98,4.6,-7.48,23.9,4.112
NGC 6304,-0.37,11.25,0.38,V,11.00–11.25,-1,2.3,-7.3,28.8,4.656
NGC 6341,-2.35,12.75,0.25,V,12.75–13.25,0.91,9.6,-8.21,35.8,4.618
NGC 6352,-0.62,10.75,0.38,V,10.50–11.00,-1,3.3,-6.47,14.6,3.592
NGC 6362,-1.07,12.5,0.25,V,12.25–12.75,-0.58,5.1,-6.95,13.5,3.261
NGC 6366,-0.59,11,0.5,V,11,-0.97,5,-5.74,9.8,3.135
NGC 6397,-1.99,13,0.25,A,13,0.98,6,-6.64,35.9,5.759
NGC 6496,-0.46,10.75,0.38,V,10.50–10.75,-1,4.2,-7.2,16.7,3.459
NGC 6535,-1.79,12.75,0.5,V,,1,3.9,-4.75,8.2,3.327
NGC 6541,-1.82,12.5,0.5,H,,1,2.1,-8.52,46.3,5.019
NGC 6584,-1.5,11.75,0.25,A,,-0.15,7,-7.69,24.7,4.112
NGC 6624,-0.42,11.25,0.5,V,11.00–11.25,-1,1.2,-7.49,26.2,4.869
NGC 6637,-0.59,11,0.38,V,11.00–11.25,-1,1.7,-7.64,27.7,4.308
NGC 6652,-0.76,11.25,0.25,V,11.00–11.25,-1,2.7,-6.66,23.9,4.583
NGC 6656,-1.7,12.5,0.5,H,,0.91,4.9,-8.5,33.9,4.311
NGC 6681,-1.62,12.75,0.38,A,,0.96,2.2,-7.12,29.3,5.21
NGC 6715,-1.44,11.75,0.5,V,,0.54,18.9,-9.98,59.7,4.968
NGC 6717,-1.26,12.5,0.5,V,,0.98,2.4,-5.66,16.3,4.458
NGC 6723,-1.1,12.5,0.25,V,12.25–12.75,-0.08,2.6,-7.83,21.9,3.755
NGC 6752,-1.55,12.5,0.25,A,,1,5.2,-7.73,24.5,4.655
NGC 6779,-2,12.75,0.5,H,,0.98,9.2,-7.41,20.8,3.905
NGC 6809,-1.93,13,0.25,A,12.75–13.25,0.87,3.9,-7.57,18.3,3.515
NGC 6838,-0.82,11,0.38,V,11,-1,6.7,-5.61,13,3.746
NGC 6934,-1.56,11.75,0.25,V,11.50–12.00,0.25,12.8,-7.45,21.6,3.998
NGC 6981,-1.48,11.5,0.25,V,11.25–11.75,0.14,12.9,-7.04,13.9,3.304
NGC 7078,-2.33,12.75,0.25,V,12.50–12.75,0.67,10.4,-9.19,41.6,4.827
NGC 7089,-1.66,11.75,0.25,A,11.50–11.75,0.92,10.4,-9.03,41.8,4.531
NGC 7099,-2.33,13,0.25,A,12.75–13.00,0.89,7.1,-7.45,25.4,4.831
Arp 21,-1.74,12,0.38,V,,0.53,21.4,-5.29,3.5,1.545
Pal 12,-0.81,9,0.38,V,,-1,15.8,-4.47,4.3,3.297
Terzan 8,-2.34,13,0.38,V,,1,19.4,-5.07,4.3,1.938
